Workbook

Sheet Summary

Sheet Data
D1: Estimated | J1: Actual
A2: Cateogy | B2: Subcategory | C2: Item | D2: Unit Cost | E2: Units | F2: Subtotal | G2: Gratuity % | H2: Gratuity | I2: Total Cost | J2: Actual Cost
A3: Ceremony & Recption | B3: Attire | C3: Dress | E3: 1 | F3: =D3*E3 | G3: 0 | H3: =D3*E3*G3 | I3: =F3+H3
A4: Ceremony & Recption | B4: Entertainment | C4: DJ (guess) | D4: 1000 | E4: 1 | F4: =D4*E4 | G4: 0 | H4: =D4*E4*G4 | I4: =F4+H4
A5: Ceremony & Recption | B5: Food & Bev | C5: Yats | D5: =Constants!C59 | E5: 6 | F5: =D5*E5 | G5: 0.2 | H5: =D5*E5*G5 | I5: =F5+H5
A6: Ceremony & Recption | B6: Food & Bev | C6: Red Wine | D6: 12 | E6: =Constants!F44 | F6: =D6*E6 | G6: 0.08 | H6: =D6*E6*G6 | I6: =F6+H6
A7: Ceremony & Recption | B7: Food & Bev | C7: Non-alcoholic drinks | D7: 0.5 | E7: =Constants!C55 | F7: =D7*E7 | G7: 0 | H7: =D7*E7*G7 | I7: =F7+H7
A8: Communication | B8: Stationery | C8: Save the Date Printing | E8: =Constants!C5 | F8: =D8*E8 | G8: 0 | H8: =D8*E8*G8 | I8: 294.01 | J8: 294.01
A9: Communication | B9: Stationery | C9: Thank You Note Postage | D9: 0.73 | E9: =Constants!C22 | F9: =D9*E9 | G9: 0 | H9: =D9*E9*G9 | I9: =F9+H9

Sheet Constants
C18: 0.9
C19: 0.6
C20: 0.4
C26: 5
C27: 15
C28: 12
C35: 5
C37: 2
C38: 1
C43: 0.4
C44: 0.5
C45: 0.5
... C59: 150

Sheet Guest List
A1: Original Order | B1: Household ID | C1: First | D1: Last | E1: New household | F1: Ceremony | G1: Column 7 | H1: Bride/Groom | I1: Priority | J1: Wedding Party? | K1: Immediate Family | L1: Extended | M1: Full Name(s) | N1: First Name(s) | O1: Address 1 | P1: Address 2 | Q1: City | R1: State | S1: Zip | T1: Country | U1: Column 2 | V1: Column 3
A2: 1 | B2: H-001 | C2: Alex | D2: Example | E2: x | F2: x | H2: Groom | I2: High | J2: 0 | K2: 1 | L2: 0 | M2: Alex and Sam Example | N2: Alex and Sam | O2: 1 Test St | Q2: Springfield | R2: IN | S2: 2134
A3: 2 | B3: H-001 | C3: Sam | D3: Example | F3: x | H3: Groom | I3: High | J3: 0 | K3: 1 | L3: 0
A4: 3 | B4: H-002 | C4: Jordan | D4: Sample | E4: x | H4: Bride | I4: Medium | J4: 1 | K4: 0 | L4: 0 | M4: Jordan Sample | N4: Jordan | O4: 2 Fake Ave | P4: Apt 3 | Q4: Shelbyville | R4: IN | S4: 46142
A5: 4 | B5: H-002 | C5: Guest | D5: Guest Jordan Sample | H5: Bride | I5: Medium | J5: 0 | K5: 0 | L5: 0
A6: 5 | B6: H-003 | C6: Riley | D6: O'Placeholder | E6: x | H6: Bride | I6: High | J6: 0 | K6: 0 | L6: 1 | M6: Riley O'Placeholder | N6: Riley | O6: 3 Demo Rd | Q6: Ogdenville | R6: IN | S6: 46203

Sheet Round 2 Invites
A1: Original Order | B1: Household ID | C1: First | D1: Last

Sheet Decor
A1: Categroy | B1: Item | C1: Note
